"","code","coding_system","description","entity","list_name","upload_date","inhaled_bronchodilator","inhaled_steroid"
"1",34001,"GPRD_product_code",NA,"drug","116 - Asthma drugs","2014-01-30",0,1
"2",34002,"GPRD_product_code",NA,"drug","116 - Asthma drugs","2014-01-30",0,1
"3",58005,"GPRD_product_code",NA,"drug","116 - Asthma drugs","2014-01-30",0,0
"4",59005,"GPRD_product_code",NA,"drug","116 - Asthma drugs","2014-01-30",0,0
"5",69001,"GPRD_product_code",NA,"drug","116 - Asthma drugs","2014-01-30",1,0
"6",77009,"GPRD_product_code",NA,"drug","116 - Asthma drugs","2014-01-30",0,0
"7",85001,"GPRD_product_code",NA,"drug","116 - Asthma drugs","2014-01-30",0,1
"8",85002,"GPRD_product_code",NA,"drug","116 - Asthma drugs","2014-01-30",0,1
"9",86001,"GPRD_product_code",NA,"drug","116 - Asthma drugs","2014-01-30",0,0
"10",86002,"GPRD_product_code",NA,"drug","116 - Asthma drugs","2014-01-30",0,0
"11",86003,"GPRD_product_code",NA,"drug","116 - Asthma drugs","2014-01-30",0,0
"12",89001,"GPRD_product_code",NA,"drug","116 - Asthma drugs","2014-01-30",0,1
"13",106001,"GPRD_product_code",NA,"drug","116 - Asthma drugs","2014-01-30",1,0
"14",106002,"GPRD_product_code",NA,"drug","116 - Asthma drugs","2014-01-30",1,0
"15",106003,"GPRD_product_code",NA,"drug","116 - Asthma drugs","2014-01-30",1,0
"16",120001,"GPRD_product_code",NA,"drug","116 - Asthma drugs","2014-01-30",0,0
"17",120002,"GPRD_product_code",NA,"drug","116 - Asthma drugs","2014-01-30",0,0
"18",121001,"GPRD_product_code",NA,"drug","116 - Asthma drugs","2014-01-30",1,0
"19",121002,"GPRD_product_code",NA,"drug","116 - Asthma drugs","2014-01-30",1,0
"20",121003,"GPRD_product_code",NA,"drug","116 - Asthma drugs","2014-01-30",1,0
"21",122001,"GPRD_product_code",NA,"drug","116 - Asthma drugs","2014-01-30",1,0
"22",122002,"GPRD_product_code",NA,"drug","116 - Asthma drugs","2014-01-30",1,0
"23",123001,"GPRD_product_code",NA,"drug","116 - Asthma drugs","2014-01-30",0,0
"24",126009,"GPRD_product_code",NA,"drug","116 - Asthma drugs","2014-01-30",0,0
"25",126010,"GPRD_product_code",NA,"drug","116 - Asthma drugs","2014-01-30",0,0
"26",166001,"GPRD_product_code",NA,"drug","116 - Asthma drugs","2014-01-30",0,0
"27",166002,"GPRD_product_code",NA,"drug","116 - Asthma drugs","2014-01-30",0,0
"28",166003,"GPRD_product_code",NA,"drug","116 - Asthma drugs","2014-01-30",0,0
"29",168007,"GPRD_product_code",NA,"drug","116 - Asthma drugs","2014-01-30",0,0
"30",169007,"GPRD_product_code",NA,"drug","116 - Asthma drugs","2014-01-30",0,0
"31",170007,"GPRD_product_code",NA,"drug","116 - Asthma drugs","2014-01-30",0,0
"32",171007,"GPRD_product_code",NA,"drug","116 - Asthma drugs","2014-01-30",0,0
"33",172007,"GPRD_product_code",NA,"drug","116 - Asthma drugs","2014-01-30",0,0
"34",181007,"GPRD_product_code",NA,"drug","116 - Asthma drugs","2014-01-30",0,0
"35",182007,"GPRD_product_code",NA,"drug","116 - Asthma drugs","2014-01-30",0,0
"36",281001,"GPRD_product_code",NA,"drug","116 - Asthma drugs","2014-01-30",1,0
"37",373001,"GPRD_product_code",NA,"drug","116 - Asthma drugs","2014-01-30",0,0
"38",375001,"GPRD_product_code",NA,"drug","116 - Asthma drugs","2014-01-30",1,0
"39",468001,"GPRD_product_code",NA,"drug","116 - Asthma drugs","2014-01-30",0,0
"40",602009,"GPRD_product_code",NA,"drug","116 - Asthma drugs","2014-01-30",1,0
"41",602010,"GPRD_product_code",NA,"drug","116 - Asthma drugs","2014-01-30",0,0
"42",602011,"GPRD_product_code",NA,"drug","116 - Asthma drugs","2014-01-30",0,0
"43",603009,"GPRD_product_code",NA,"drug","116 - Asthma drugs","2014-01-30",1,0
"44",603010,"GPRD_product_code",NA,"drug","116 - Asthma drugs","2014-01-30",0,0
"45",603011,"GPRD_product_code",NA,"drug","116 - Asthma drugs","2014-01-30",0,0
"46",604009,"GPRD_product_code",NA,"drug","116 - Asthma drugs","2014-01-30",1,0
"47",604010,"GPRD_product_code",NA,"drug","116 - Asthma drugs","2014-01-30",0,0
"48",604011,"GPRD_product_code",NA,"drug","116 - Asthma drugs","2014-01-30",0,0
"49",605009,"GPRD_product_code",NA,"drug","116 - Asthma drugs","2014-01-30",1,0
"50",605010,"GPRD_product_code",NA,"drug","116 - Asthma drugs","2014-01-30",0,0
"51",605011,"GPRD_product_code",NA,"drug","116 - Asthma drugs","2014-01-30",0,0
"52",606009,"GPRD_product_code",NA,"drug","116 - Asthma drugs","2014-01-30",1,0
"53",606010,"GPRD_product_code",NA,"drug","116 - Asthma drugs","2014-01-30",0,0
"54",606011,"GPRD_product_code",NA,"drug","116 - Asthma drugs","2014-01-30",0,0
"55",620001,"GPRD_product_code",NA,"drug","116 - Asthma drugs","2014-01-30",0,0
"56",663001,"GPRD_product_code",NA,"drug","116 - Asthma drugs","2014-01-30",0,0
"57",682001,"GPRD_product_code",NA,"drug","116 - Asthma drugs","2014-01-30",0,0
"58",707005,"GPRD_product_code",NA,"drug","116 - Asthma drugs","2014-01-30",0,0
"59",743001,"GPRD_product_code",NA,"drug","116 - Asthma drugs","2014-01-30",1,0
"60",745001,"GPRD_product_code",NA,"drug","116 - Asthma drugs","2014-01-30",1,0
"61",794001,"GPRD_product_code",NA,"drug","116 - Asthma drugs","2014-01-30",0,0
"62",794002,"GPRD_product_code",NA,"drug","116 - Asthma drugs","2014-01-30",0,0
"63",795001,"GPRD_product_code",NA,"drug","116 - Asthma drugs","2014-01-30",0,0
"64",796001,"GPRD_product_code",NA,"drug","116 - Asthma drugs","2014-01-30",0,0
"65",796002,"GPRD_product_code",NA,"drug","116 - Asthma drugs","2014-01-30",0,0
"66",833001,"GPRD_product_code",NA,"drug","116 - Asthma drugs","2014-01-30",0,0
"67",836001,"GPRD_product_code",NA,"drug","116 - Asthma drugs","2014-01-30",0,0
"68",849001,"GPRD_product_code",NA,"drug","116 - Asthma drugs","2014-01-30",0,0
"69",849002,"GPRD_product_code",NA,"drug","116 - Asthma drugs","2014-01-30",0,0
"70",865001,"GPRD_product_code",NA,"drug","116 - Asthma drugs","2014-01-30",1,0
"71",865002,"GPRD_product_code",NA,"drug","116 - Asthma drugs","2014-01-30",1,0
"72",865003,"GPRD_product_code",NA,"drug","116 - Asthma drugs","2014-01-30",1,0
"73",927001,"GPRD_product_code",NA,"drug","116 - Asthma drugs","2014-01-30",0,0
"74",927002,"GPRD_product_code",NA,"drug","116 - Asthma drugs","2014-01-30",0,0
"75",948001,"GPRD_product_code",NA,"drug","116 - Asthma drugs","2014-01-30",0,0
"76",949001,"GPRD_product_code",NA,"drug","116 - Asthma drugs","2014-01-30",0,0
"77",949002,"GPRD_product_code",NA,"drug","116 - Asthma drugs","2014-01-30",0,0
"78",996001,"GPRD_product_code",NA,"drug","116 - Asthma drugs","2014-01-30",0,0
"79",996002,"GPRD_product_code",NA,"drug","116 - Asthma drugs","2014-01-30",0,0
"80",996003,"GPRD_product_code",NA,"drug","116 - Asthma drugs","2014-01-30",0,0
"81",1018001,"GPRD_product_code",NA,"drug","116 - Asthma drugs","2014-01-30",0,0
"82",1018002,"GPRD_product_code",NA,"drug","116 - Asthma drugs","2014-01-30",0,0
"83",1018003,"GPRD_product_code",NA,"drug","116 - Asthma drugs","2014-01-30",0,0
"84",1020001,"GPRD_product_code",NA,"drug","116 - Asthma drugs","2014-01-30",1,0
"85",1020002,"GPRD_product_code",NA,"drug","116 - Asthma drugs","2014-01-30",1,0
"86",1020003,"GPRD_product_code",NA,"drug","116 - Asthma drugs","2014-01-30",1,0
"87",1021001,"GPRD_product_code",NA,"drug","116 - Asthma drugs","2014-01-30",1,0
"88",1021002,"GPRD_product_code",NA,"drug","116 - Asthma drugs","2014-01-30",1,0
"89",1022001,"GPRD_product_code",NA,"drug","116 - Asthma drugs","2014-01-30",0,0
"90",1022002,"GPRD_product_code",NA,"drug","116 - Asthma drugs","2014-01-30",0,0
"91",1022003,"GPRD_product_code",NA,"drug","116 - Asthma drugs","2014-01-30",0,0
"92",1023001,"GPRD_product_code",NA,"drug","116 - Asthma drugs","2014-01-30",1,0
"93",1024001,"GPRD_product_code",NA,"drug","116 - Asthma drugs","2014-01-30",1,0
"94",1024002,"GPRD_product_code",NA,"drug","116 - Asthma drugs","2014-01-30",1,0
"95",1047001,"GPRD_product_code",NA,"drug","116 - Asthma drugs","2014-01-30",0,0
"96",1047002,"GPRD_product_code",NA,"drug","116 - Asthma drugs","2014-01-30",0,0
"97",1047003,"GPRD_product_code",NA,"drug","116 - Asthma drugs","2014-01-30",0,0
"98",1065001,"GPRD_product_code",NA,"drug","116 - Asthma drugs","2014-01-30",0,0
"99",1112001,"GPRD_product_code",NA,"drug","116 - Asthma drugs","2014-01-30",0,1
"100",1112002,"GPRD_product_code",NA,"drug","116 - Asthma drugs","2014-01-30",0,1
"101",1112003,"GPRD_product_code",NA,"drug","116 - Asthma drugs","2014-01-30",0,1
"102",1144007,"GPRD_product_code",NA,"drug","116 - Asthma drugs","2014-01-30",0,0
"103",1149001,"GPRD_product_code",NA,"drug","116 - Asthma drugs","2014-01-30",0,0
"104",1189001,"GPRD_product_code",NA,"drug","116 - Asthma drugs","2014-01-30",0,0
"105",1190001,"GPRD_product_code",NA,"drug","116 - Asthma drugs","2014-01-30",0,0
"106",1191001,"GPRD_product_code",NA,"drug","116 - Asthma drugs","2014-01-30",0,0
"107",1193001,"GPRD_product_code",NA,"drug","116 - Asthma drugs","2014-01-30",0,0
"108",1193002,"GPRD_product_code",NA,"drug","116 - Asthma drugs","2014-01-30",0,0
"109",1193003,"GPRD_product_code",NA,"drug","116 - Asthma drugs","2014-01-30",1,0
"110",1194001,"GPRD_product_code",NA,"drug","116 - Asthma drugs","2014-01-30",0,0
"111",1195001,"GPRD_product_code",NA,"drug","116 - Asthma drugs","2014-01-30",1,0
"112",1281001,"GPRD_product_code",NA,"drug","116 - Asthma drugs","2014-01-30",0,0
"113",1283001,"GPRD_product_code",NA,"drug","116 - Asthma drugs","2014-01-30",0,0
"114",1285001,"GPRD_product_code",NA,"drug","116 - Asthma drugs","2014-01-30",0,0
"115",1286001,"GPRD_product_code",NA,"drug","116 - Asthma drugs","2014-01-30",0,0
"116",1287001,"GPRD_product_code",NA,"drug","116 - Asthma drugs","2014-01-30",0,0
"117",1287002,"GPRD_product_code",NA,"drug","116 - Asthma drugs","2014-01-30",0,0
"118",1340001,"GPRD_product_code",NA,"drug","116 - Asthma drugs","2014-01-30",1,0
"119",1340002,"GPRD_product_code",NA,"drug","116 - Asthma drugs","2014-01-30",1,0
"120",1340003,"GPRD_product_code",NA,"drug","116 - Asthma drugs","2014-01-30",1,0
"121",1376001,"GPRD_product_code",NA,"drug","116 - Asthma drugs","2014-01-30",0,0
"122",1382001,"GPRD_product_code",NA,"drug","116 - Asthma drugs","2014-01-30",0,0
"123",1384001,"GPRD_product_code",NA,"drug","116 - Asthma drugs","2014-01-30",1,0
"124",1397001,"GPRD_product_code",NA,"drug","116 - Asthma drugs","2014-01-30",0,0
"125",1398001,"GPRD_product_code",NA,"drug","116 - Asthma drugs","2014-01-30",1,0
"126",1403001,"GPRD_product_code",NA,"drug","116 - Asthma drugs","2014-01-30",0,1
"127",1403002,"GPRD_product_code",NA,"drug","116 - Asthma drugs","2014-01-30",0,1
"128",1404001,"GPRD_product_code",NA,"drug","116 - Asthma drugs","2014-01-30",0,1
"129",1404002,"GPRD_product_code",NA,"drug","116 - Asthma drugs","2014-01-30",0,1
"130",1405001,"GPRD_product_code",NA,"drug","116 - Asthma drugs","2014-01-30",0,0
"131",1409001,"GPRD_product_code",NA,"drug","116 - Asthma drugs","2014-01-30",0,1
"132",1409002,"GPRD_product_code",NA,"drug","116 - Asthma drugs","2014-01-30",0,1
"133",1409003,"GPRD_product_code",NA,"drug","116 - Asthma drugs","2014-01-30",0,1
"134",1411001,"GPRD_product_code",NA,"drug","116 - Asthma drugs","2014-01-30",0,1
"135",1413001,"GPRD_product_code",NA,"drug","116 - Asthma drugs","2014-01-30",1,0
"136",1419001,"GPRD_product_code",NA,"drug","116 - Asthma drugs","2014-01-30",0,1
"137",1557009,"GPRD_product_code",NA,"drug","116 - Asthma drugs","2014-01-30",0,0
"138",1558009,"GPRD_product_code",NA,"drug","116 - Asthma drugs","2014-01-30",0,0
"139",1558010,"GPRD_product_code",NA,"drug","116 - Asthma drugs","2014-01-30",0,0
"140",1558011,"GPRD_product_code",NA,"drug","116 - Asthma drugs","2014-01-30",0,0
"141",1559009,"GPRD_product_code",NA,"drug","116 - Asthma drugs","2014-01-30",0,0
"142",1560009,"GPRD_product_code",NA,"drug","116 - Asthma drugs","2014-01-30",0,0
"143",1561009,"GPRD_product_code",NA,"drug","116 - Asthma drugs","2014-01-30",1,0
"144",1666009,"GPRD_product_code",NA,"drug","116 - Asthma drugs","2014-01-30",0,0
"145",1667001,"GPRD_product_code",NA,"drug","116 - Asthma drugs","2014-01-30",0,1
"146",1667002,"GPRD_product_code",NA,"drug","116 - Asthma drugs","2014-01-30",0,1
"147",1667003,"GPRD_product_code",NA,"drug","116 - Asthma drugs","2014-01-30",0,1
"148",1711001,"GPRD_product_code",NA,"drug","116 - Asthma drugs","2014-01-30",0,1
"149",1722001,"GPRD_product_code",NA,"drug","116 - Asthma drugs","2014-01-30",1,0
"150",1776001,"GPRD_product_code",NA,"drug","116 - Asthma drugs","2014-01-30",0,0
"151",1776002,"GPRD_product_code",NA,"drug","116 - Asthma drugs","2014-01-30",0,0
"152",1776003,"GPRD_product_code",NA,"drug","116 - Asthma drugs","2014-01-30",0,0
"153",1780009,"GPRD_product_code",NA,"drug","116 - Asthma drugs","2014-01-30",0,0
"154",1791009,"GPRD_product_code",NA,"drug","116 - Asthma drugs","2014-01-30",0,0
"155",1827007,"GPRD_product_code",NA,"drug","116 - Asthma drugs","2014-01-30",0,0
"156",1828007,"GPRD_product_code",NA,"drug","116 - Asthma drugs","2014-01-30",0,0
"157",1829007,"GPRD_product_code",NA,"drug","116 - Asthma drugs","2014-01-30",0,0
"158",1830007,"GPRD_product_code",NA,"drug","116 - Asthma drugs","2014-01-30",0,0
"159",1832009,"GPRD_product_code",NA,"drug","116 - Asthma drugs","2014-01-30",0,0
"160",1832010,"GPRD_product_code",NA,"drug","116 - Asthma drugs","2014-01-30",1,0
"161",1832011,"GPRD_product_code",NA,"drug","116 - Asthma drugs","2014-01-30",0,0
"162",1898001,"GPRD_product_code",NA,"drug","116 - Asthma drugs","2014-01-30",0,0
"163",1898002,"GPRD_product_code",NA,"drug","116 - Asthma drugs","2014-01-30",0,0
"164",1898003,"GPRD_product_code",NA,"drug","116 - Asthma drugs","2014-01-30",0,0
"165",1899009,"GPRD_product_code",NA,"drug","116 - Asthma drugs","2014-01-30",0,0
"166",1953009,"GPRD_product_code",NA,"drug","116 - Asthma drugs","2014-01-30",0,0
"167",2032009,"GPRD_product_code",NA,"drug","116 - Asthma drugs","2014-01-30",1,0
"168",2032010,"GPRD_product_code",NA,"drug","116 - Asthma drugs","2014-01-30",1,0
"169",2049001,"GPRD_product_code",NA,"drug","116 - Asthma drugs","2014-01-30",0,0
"170",2066009,"GPRD_product_code",NA,"drug","116 - Asthma drugs","2014-01-30",0,0
"171",2127001,"GPRD_product_code",NA,"drug","116 - Asthma drugs","2014-01-30",0,1
"172",2127002,"GPRD_product_code",NA,"drug","116 - Asthma drugs","2014-01-30",0,1
"173",2127003,"GPRD_product_code",NA,"drug","116 - Asthma drugs","2014-01-30",0,1
"174",2133009,"GPRD_product_code",NA,"drug","116 - Asthma drugs","2014-01-30",0,0
"175",2137001,"GPRD_product_code",NA,"drug","116 - Asthma drugs","2014-01-30",0,0
"176",2139009,"GPRD_product_code",NA,"drug","116 - Asthma drugs","2014-01-30",0,0
"177",2177009,"GPRD_product_code",NA,"drug","116 - Asthma drugs","2014-01-30",1,0
"178",2195001,"GPRD_product_code",NA,"drug","116 - Asthma drugs","2014-01-30",0,0
"179",2208009,"GPRD_product_code",NA,"drug","116 - Asthma drugs","2014-01-30",0,0
"180",2220001,"GPRD_product_code",NA,"drug","116 - Asthma drugs","2014-01-30",0,0
"181",2221001,"GPRD_product_code",NA,"drug","116 - Asthma drugs","2014-01-30",1,0
"182",2221002,"GPRD_product_code",NA,"drug","116 - Asthma drugs","2014-01-30",1,0
"183",2241001,"GPRD_product_code",NA,"drug","116 - Asthma drugs","2014-01-30",0,0
"184",2241002,"GPRD_product_code",NA,"drug","116 - Asthma drugs","2014-01-30",0,0
"185",2259005,"GPRD_product_code",NA,"drug","116 - Asthma drugs","2014-01-30",0,0
"186",2260005,"GPRD_product_code",NA,"drug","116 - Asthma drugs","2014-01-30",0,0
"187",2286001,"GPRD_product_code",NA,"drug","116 - Asthma drugs","2014-01-30",0,0
"188",2286002,"GPRD_product_code",NA,"drug","116 - Asthma drugs","2014-01-30",0,0
"189",2290009,"GPRD_product_code",NA,"drug","116 - Asthma drugs","2014-01-30",0,0
"190",2294009,"GPRD_product_code",NA,"drug","116 - Asthma drugs","2014-01-30",0,0
"191",2300001,"GPRD_product_code",NA,"drug","116 - Asthma drugs","2014-01-30",0,0
"192",2301001,"GPRD_product_code",NA,"drug","116 - Asthma drugs","2014-01-30",0,1
"193",2319001,"GPRD_product_code",NA,"drug","116 - Asthma drugs","2014-01-30",0,1
"194",2319002,"GPRD_product_code",NA,"drug","116 - Asthma drugs","2014-01-30",0,1
"195",2327001,"GPRD_product_code",NA,"drug","116 - Asthma drugs","2014-01-30",0,1
"196",2327002,"GPRD_product_code",NA,"drug","116 - Asthma drugs","2014-01-30",0,1
"197",2331005,"GPRD_product_code",NA,"drug","116 - Asthma drugs","2014-01-30",0,0
"198",2338001,"GPRD_product_code",NA,"drug","116 - Asthma drugs","2014-01-30",0,0
"199",2338002,"GPRD_product_code",NA,"drug","116 - Asthma drugs","2014-01-30",0,0
"200",2413001,"GPRD_product_code",NA,"drug","116 - Asthma drugs","2014-01-30",0,0
"201",2413002,"GPRD_product_code",NA,"drug","116 - Asthma drugs","2014-01-30",0,0
"202",2414001,"GPRD_product_code",NA,"drug","116 - Asthma drugs","2014-01-30",1,0
"203",2482001,"GPRD_product_code",NA,"drug","116 - Asthma drugs","2014-01-30",0,1
"204",2482002,"GPRD_product_code",NA,"drug","116 - Asthma drugs","2014-01-30",0,1
"205",2514001,"GPRD_product_code",NA,"drug","116 - Asthma drugs","2014-01-30",0,0
"206",2514002,"GPRD_product_code",NA,"drug","116 - Asthma drugs","2014-01-30",0,0
"207",2515001,"GPRD_product_code",NA,"drug","116 - Asthma drugs","2014-01-30",1,0
"208",2536001,"GPRD_product_code",NA,"drug","116 - Asthma drugs","2014-01-30",0,0
"209",2580007,"GPRD_product_code",NA,"drug","116 - Asthma drugs","2014-01-30",1,0
"210",2581007,"GPRD_product_code",NA,"drug","116 - Asthma drugs","2014-01-30",0,0
"211",2608001,"GPRD_product_code",NA,"drug","116 - Asthma drugs","2014-01-30",0,0
"212",2608002,"GPRD_product_code",NA,"drug","116 - Asthma drugs","2014-01-30",1,0
"213",2665001,"GPRD_product_code",NA,"drug","116 - Asthma drugs","2014-01-30",1,0
"214",2701005,"GPRD_product_code",NA,"drug","116 - Asthma drugs","2014-01-30",0,0
"215",2702005,"GPRD_product_code",NA,"drug","116 - Asthma drugs","2014-01-30",0,0
"216",2703005,"GPRD_product_code",NA,"drug","116 - Asthma drugs","2014-01-30",0,0
"217",2728005,"GPRD_product_code",NA,"drug","116 - Asthma drugs","2014-01-30",0,0
"218",2729005,"GPRD_product_code",NA,"drug","116 - Asthma drugs","2014-01-30",0,0
"219",2730005,"GPRD_product_code",NA,"drug","116 - Asthma drugs","2014-01-30",0,0
"220",2744009,"GPRD_product_code",NA,"drug","116 - Asthma drugs","2014-01-30",0,1
"221",2744010,"GPRD_product_code",NA,"drug","116 - Asthma drugs","2014-01-30",0,1
"222",2744011,"GPRD_product_code",NA,"drug","116 - Asthma drugs","2014-01-30",0,1
"223",2746001,"GPRD_product_code",NA,"drug","116 - Asthma drugs","2014-01-30",0,0
"224",2746002,"GPRD_product_code",NA,"drug","116 - Asthma drugs","2014-01-30",0,0
"225",2746003,"GPRD_product_code",NA,"drug","116 - Asthma drugs","2014-01-30",0,0
"226",2757001,"GPRD_product_code",NA,"drug","116 - Asthma drugs","2014-01-30",1,0
"227",2809009,"GPRD_product_code",NA,"drug","116 - Asthma drugs","2014-01-30",0,0
"228",2822009,"GPRD_product_code",NA,"drug","116 - Asthma drugs","2014-01-30",1,0
"229",2827001,"GPRD_product_code",NA,"drug","116 - Asthma drugs","2014-01-30",0,0
"230",2827002,"GPRD_product_code",NA,"drug","116 - Asthma drugs","2014-01-30",0,0
"231",2827003,"GPRD_product_code",NA,"drug","116 - Asthma drugs","2014-01-30",0,0
"232",2835001,"GPRD_product_code",NA,"drug","116 - Asthma drugs","2014-01-30",0,0
"233",2835002,"GPRD_product_code",NA,"drug","116 - Asthma drugs","2014-01-30",0,0
"234",2836001,"GPRD_product_code",NA,"drug","116 - Asthma drugs","2014-01-30",0,0
"235",2836002,"GPRD_product_code",NA,"drug","116 - Asthma drugs","2014-01-30",0,0
"236",2847009,"GPRD_product_code",NA,"drug","116 - Asthma drugs","2014-01-30",0,0
"237",2878001,"GPRD_product_code",NA,"drug","116 - Asthma drugs","2014-01-30",0,0
"238",2878002,"GPRD_product_code",NA,"drug","116 - Asthma drugs","2014-01-30",0,0
"239",2901009,"GPRD_product_code",NA,"drug","116 - Asthma drugs","2014-01-30",1,0
"240",2901010,"GPRD_product_code",NA,"drug","116 - Asthma drugs","2014-01-30",1,0
"241",2904005,"GPRD_product_code",NA,"drug","116 - Asthma drugs","2014-01-30",0,0
"242",2914001,"GPRD_product_code",NA,"drug","116 - Asthma drugs","2014-01-30",1,0
"243",2914002,"GPRD_product_code",NA,"drug","116 - Asthma drugs","2014-01-30",1,0
"244",2986009,"GPRD_product_code",NA,"drug","116 - Asthma drugs","2014-01-30",0,0
"245",2993009,"GPRD_product_code",NA,"drug","116 - Asthma drugs","2014-01-30",0,1
"246",2993010,"GPRD_product_code",NA,"drug","116 - Asthma drugs","2014-01-30",0,1
"247",2993011,"GPRD_product_code",NA,"drug","116 - Asthma drugs","2014-01-30",0,1
"248",3059007,"GPRD_product_code",NA,"drug","116 - Asthma drugs","2014-01-30",1,0
"249",3061009,"GPRD_product_code",NA,"drug","116 - Asthma drugs","2014-01-30",0,0
"250",3064009,"GPRD_product_code",NA,"drug","116 - Asthma drugs","2014-01-30",0,1
"251",3064010,"GPRD_product_code",NA,"drug","116 - Asthma drugs","2014-01-30",0,1
"252",3064011,"GPRD_product_code",NA,"drug","116 - Asthma drugs","2014-01-30",0,1
"253",3111007,"GPRD_product_code",NA,"drug","116 - Asthma drugs","2014-01-30",0,0
"254",3114009,"GPRD_product_code",NA,"drug","116 - Asthma drugs","2014-01-30",1,0
"255",3164009,"GPRD_product_code",NA,"drug","116 - Asthma drugs","2014-01-30",1,0
"256",3164010,"GPRD_product_code",NA,"drug","116 - Asthma drugs","2014-01-30",1,0
"257",3164011,"GPRD_product_code",NA,"drug","116 - Asthma drugs","2014-01-30",1,0
"258",3195007,"GPRD_product_code",NA,"drug","116 - Asthma drugs","2014-01-30",1,0
"259",3207009,"GPRD_product_code",NA,"drug","116 - Asthma drugs","2014-01-30",1,0
"260",3209009,"GPRD_product_code",NA,"drug","116 - Asthma drugs","2014-01-30",0,0
"261",3234009,"GPRD_product_code",NA,"drug","116 - Asthma drugs","2014-01-30",1,0
"262",3263001,"GPRD_product_code",NA,"drug","116 - Asthma drugs","2014-01-30",0,0
"263",3264001,"GPRD_product_code",NA,"drug","116 - Asthma drugs","2014-01-30",0,0
"264",3265001,"GPRD_product_code",NA,"drug","116 - Asthma drugs","2014-01-30",0,0
"265",3265002,"GPRD_product_code",NA,"drug","116 - Asthma drugs","2014-01-30",0,0
"266",3265003,"GPRD_product_code",NA,"drug","116 - Asthma drugs","2014-01-30",0,0
"267",3266001,"GPRD_product_code",NA,"drug","116 - Asthma drugs","2014-01-30",0,0
"268",3266002,"GPRD_product_code",NA,"drug","116 - Asthma drugs","2014-01-30",0,0
"269",3266003,"GPRD_product_code",NA,"drug","116 - Asthma drugs","2014-01-30",0,0
"270",3267001,"GPRD_product_code",NA,"drug","116 - Asthma drugs","2014-01-30",0,0
"271",3267002,"GPRD_product_code",NA,"drug","116 - Asthma drugs","2014-01-30",0,0
"272",3268001,"GPRD_product_code",NA,"drug","116 - Asthma drugs","2014-01-30",0,0
"273",3268002,"GPRD_product_code",NA,"drug","116 - Asthma drugs","2014-01-30",0,0
"274",3268003,"GPRD_product_code",NA,"drug","116 - Asthma drugs","2014-01-30",0,0
"275",3269001,"GPRD_product_code",NA,"drug","116 - Asthma drugs","2014-01-30",0,0
"276",3307009,"GPRD_product_code",NA,"drug","116 - Asthma drugs","2014-01-30",0,0
"277",3322001,"GPRD_product_code",NA,"drug","116 - Asthma drugs","2014-01-30",0,0
"278",3322002,"GPRD_product_code",NA,"drug","116 - Asthma drugs","2014-01-30",0,0
"279",3322003,"GPRD_product_code",NA,"drug","116 - Asthma drugs","2014-01-30",0,0
"280",3323001,"GPRD_product_code",NA,"drug","116 - Asthma drugs","2014-01-30",0,0
"281",3324001,"GPRD_product_code",NA,"drug","116 - Asthma drugs","2014-01-30",0,0
"282",3341001,"GPRD_product_code",NA,"drug","116 - Asthma drugs","2014-01-30",0,0
"283",3341002,"GPRD_product_code",NA,"drug","116 - Asthma drugs","2014-01-30",0,0
"284",3342001,"GPRD_product_code",NA,"drug","116 - Asthma drugs","2014-01-30",0,0
"285",3342002,"GPRD_product_code",NA,"drug","116 - Asthma drugs","2014-01-30",0,0
"286",3357009,"GPRD_product_code",NA,"drug","116 - Asthma drugs","2014-01-30",0,0
"287",3357010,"GPRD_product_code",NA,"drug","116 - Asthma drugs","2014-01-30",0,0
"288",3371009,"GPRD_product_code",NA,"drug","116 - Asthma drugs","2014-01-30",1,0
"289",3373009,"GPRD_product_code",NA,"drug","116 - Asthma drugs","2014-01-30",0,1
"290",3373010,"GPRD_product_code",NA,"drug","116 - Asthma drugs","2014-01-30",0,1
"291",3373011,"GPRD_product_code",NA,"drug","116 - Asthma drugs","2014-01-30",0,1
"292",3394009,"GPRD_product_code",NA,"drug","116 - Asthma drugs","2014-01-30",0,0
"293",3414009,"GPRD_product_code",NA,"drug","116 - Asthma drugs","2014-01-30",0,0
"294",3418007,"GPRD_product_code",NA,"drug","116 - Asthma drugs","2014-01-30",0,0
"295",3419007,"GPRD_product_code",NA,"drug","116 - Asthma drugs","2014-01-30",0,0
"296",3435009,"GPRD_product_code",NA,"drug","116 - Asthma drugs","2014-01-30",1,0
"297",3438009,"GPRD_product_code",NA,"drug","116 - Asthma drugs","2014-01-30",0,0
"298",3445001,"GPRD_product_code",NA,"drug","116 - Asthma drugs","2014-01-30",1,0
"299",3445002,"GPRD_product_code",NA,"drug","116 - Asthma drugs","2014-01-30",1,0
"300",3445003,"GPRD_product_code",NA,"drug","116 - Asthma drugs","2014-01-30",1,0
"301",3446001,"GPRD_product_code",NA,"drug","116 - Asthma drugs","2014-01-30",1,0
"302",3446002,"GPRD_product_code",NA,"drug","116 - Asthma drugs","2014-01-30",1,0
"303",3446007,"GPRD_product_code",NA,"drug","116 - Asthma drugs","2014-01-30",0,0
"304",3509007,"GPRD_product_code",NA,"drug","116 - Asthma drugs","2014-01-30",1,0
"305",3510007,"GPRD_product_code",NA,"drug","116 - Asthma drugs","2014-01-30",0,0
"306",3511007,"GPRD_product_code",NA,"drug","116 - Asthma drugs","2014-01-30",0,0
"307",3574009,"GPRD_product_code",NA,"drug","116 - Asthma drugs","2014-01-30",1,0
"308",3596001,"GPRD_product_code",NA,"drug","116 - Asthma drugs","2014-01-30",0,0
"309",3596002,"GPRD_product_code",NA,"drug","116 - Asthma drugs","2014-01-30",0,0
"310",3834009,"GPRD_product_code",NA,"drug","116 - Asthma drugs","2014-01-30",1,0
"311",3853009,"GPRD_product_code",NA,"drug","116 - Asthma drugs","2014-01-30",0,0
"312",3867009,"GPRD_product_code",NA,"drug","116 - Asthma drugs","2014-01-30",0,1
"313",3868009,"GPRD_product_code",NA,"drug","116 - Asthma drugs","2014-01-30",0,1
"314",3869009,"GPRD_product_code",NA,"drug","116 - Asthma drugs","2014-01-30",0,1
"315",3886001,"GPRD_product_code",NA,"drug","116 - Asthma drugs","2014-01-30",1,0
"316",3886002,"GPRD_product_code",NA,"drug","116 - Asthma drugs","2014-01-30",1,0
"317",3887001,"GPRD_product_code",NA,"drug","116 - Asthma drugs","2014-01-30",1,0
"318",3888001,"GPRD_product_code",NA,"drug","116 - Asthma drugs","2014-01-30",1,0
"319",3888002,"GPRD_product_code",NA,"drug","116 - Asthma drugs","2014-01-30",1,0
"320",3888003,"GPRD_product_code",NA,"drug","116 - Asthma drugs","2014-01-30",1,0
"321",3889001,"GPRD_product_code",NA,"drug","116 - Asthma drugs","2014-01-30",1,0
"322",3889002,"GPRD_product_code",NA,"drug","116 - Asthma drugs","2014-01-30",1,0
"323",3891007,"GPRD_product_code",NA,"drug","116 - Asthma drugs","2014-01-30",0,0
"324",3897009,"GPRD_product_code",NA,"drug","116 - Asthma drugs","2014-01-30",1,0
"325",3910001,"GPRD_product_code",NA,"drug","116 - Asthma drugs","2014-01-30",0,0
"326",3966001,"GPRD_product_code",NA,"drug","116 - Asthma drugs","2014-01-30",0,0
"327",3966002,"GPRD_product_code",NA,"drug","116 - Asthma drugs","2014-01-30",0,0
"328",3966003,"GPRD_product_code",NA,"drug","116 - Asthma drugs","2014-01-30",0,0
"329",3970009,"GPRD_product_code",NA,"drug","116 - Asthma drugs","2014-01-30",0,1
"330",3971009,"GPRD_product_code",NA,"drug","116 - Asthma drugs","2014-01-30",0,1
"331",3972009,"GPRD_product_code",NA,"drug","116 - Asthma drugs","2014-01-30",0,1
"332",3973009,"GPRD_product_code",NA,"drug","116 - Asthma drugs","2014-01-30",1,0
"333",3974009,"GPRD_product_code",NA,"drug","116 - Asthma drugs","2014-01-30",1,0
"334",4013001,"GPRD_product_code",NA,"drug","116 - Asthma drugs","2014-01-30",0,0
"335",4013002,"GPRD_product_code",NA,"drug","116 - Asthma drugs","2014-01-30",0,0
"336",4014001,"GPRD_product_code",NA,"drug","116 - Asthma drugs","2014-01-30",0,0
"337",4015001,"GPRD_product_code",NA,"drug","116 - Asthma drugs","2014-01-30",0,0
"338",4015002,"GPRD_product_code",NA,"drug","116 - Asthma drugs","2014-01-30",0,0
"339",4016001,"GPRD_product_code",NA,"drug","116 - Asthma drugs","2014-01-30",1,0
"340",4016002,"GPRD_product_code",NA,"drug","116 - Asthma drugs","2014-01-30",1,0
"341",4016003,"GPRD_product_code",NA,"drug","116 - Asthma drugs","2014-01-30",1,0
"342",4016009,"GPRD_product_code",NA,"drug","116 - Asthma drugs","2014-01-30",0,1
"343",4017009,"GPRD_product_code",NA,"drug","116 - Asthma drugs","2014-01-30",0,1
"344",4061001,"GPRD_product_code",NA,"drug","116 - Asthma drugs","2014-01-30",0,1
"345",4061002,"GPRD_product_code",NA,"drug","116 - Asthma drugs","2014-01-30",0,1
"346",4061003,"GPRD_product_code",NA,"drug","116 - Asthma drugs","2014-01-30",0,1
"347",4249001,"GPRD_product_code",NA,"drug","116 - Asthma drugs","2014-01-30",0,0
"348",4324001,"GPRD_product_code",NA,"drug","116 - Asthma drugs","2014-01-30",0,0
"349",4324002,"GPRD_product_code",NA,"drug","116 - Asthma drugs","2014-01-30",0,0
"350",4341007,"GPRD_product_code",NA,"drug","116 - Asthma drugs","2014-01-30",0,0
"351",4428009,"GPRD_product_code",NA,"drug","116 - Asthma drugs","2014-01-30",1,0
"352",4463009,"GPRD_product_code",NA,"drug","116 - Asthma drugs","2014-01-30",0,1
"353",4506001,"GPRD_product_code",NA,"drug","116 - Asthma drugs","2014-01-30",0,1
"354",4506002,"GPRD_product_code",NA,"drug","116 - Asthma drugs","2014-01-30",0,1
"355",4507001,"GPRD_product_code",NA,"drug","116 - Asthma drugs","2014-01-30",0,1
"356",4507002,"GPRD_product_code",NA,"drug","116 - Asthma drugs","2014-01-30",0,1
"357",4670005,"GPRD_product_code",NA,"drug","116 - Asthma drugs","2014-01-30",0,0
"358",4693001,"GPRD_product_code",NA,"drug","116 - Asthma drugs","2014-01-30",1,0
"359",4756009,"GPRD_product_code",NA,"drug","116 - Asthma drugs","2014-01-30",1,0
"360",4785001,"GPRD_product_code",NA,"drug","116 - Asthma drugs","2014-01-30",1,0
"361",4785002,"GPRD_product_code",NA,"drug","116 - Asthma drugs","2014-01-30",1,0
"362",4785003,"GPRD_product_code",NA,"drug","116 - Asthma drugs","2014-01-30",1,0
"363",4786001,"GPRD_product_code",NA,"drug","116 - Asthma drugs","2014-01-30",1,0
"364",4786002,"GPRD_product_code",NA,"drug","116 - Asthma drugs","2014-01-30",1,0
"365",4787001,"GPRD_product_code",NA,"drug","116 - Asthma drugs","2014-01-30",0,0
"366",4787002,"GPRD_product_code",NA,"drug","116 - Asthma drugs","2014-01-30",0,0
"367",4788001,"GPRD_product_code",NA,"drug","116 - Asthma drugs","2014-01-30",0,0
"368",4788002,"GPRD_product_code",NA,"drug","116 - Asthma drugs","2014-01-30",1,0
"369",4789001,"GPRD_product_code",NA,"drug","116 - Asthma drugs","2014-01-30",0,0
"370",4811001,"GPRD_product_code",NA,"drug","116 - Asthma drugs","2014-01-30",0,0
"371",4812001,"GPRD_product_code",NA,"drug","116 - Asthma drugs","2014-01-30",0,0
"372",4812002,"GPRD_product_code",NA,"drug","116 - Asthma drugs","2014-01-30",0,0
"373",4812003,"GPRD_product_code",NA,"drug","116 - Asthma drugs","2014-01-30",0,0
"374",4813001,"GPRD_product_code",NA,"drug","116 - Asthma drugs","2014-01-30",0,0
"375",4813002,"GPRD_product_code",NA,"drug","116 - Asthma drugs","2014-01-30",0,0
"376",4813003,"GPRD_product_code",NA,"drug","116 - Asthma drugs","2014-01-30",0,0
"377",4814001,"GPRD_product_code",NA,"drug","116 - Asthma drugs","2014-01-30",0,0
"378",4814002,"GPRD_product_code",NA,"drug","116 - Asthma drugs","2014-01-30",0,0
"379",4814003,"GPRD_product_code",NA,"drug","116 - Asthma drugs","2014-01-30",0,0
"380",4815001,"GPRD_product_code",NA,"drug","116 - Asthma drugs","2014-01-30",1,0
"381",4815002,"GPRD_product_code",NA,"drug","116 - Asthma drugs","2014-01-30",1,0
"382",4815003,"GPRD_product_code",NA,"drug","116 - Asthma drugs","2014-01-30",1,0
"383",4816001,"GPRD_product_code",NA,"drug","116 - Asthma drugs","2014-01-30",1,0
"384",4817001,"GPRD_product_code",NA,"drug","116 - Asthma drugs","2014-01-30",0,0
"385",4818001,"GPRD_product_code",NA,"drug","116 - Asthma drugs","2014-01-30",0,0
"386",4819001,"GPRD_product_code",NA,"drug","116 - Asthma drugs","2014-01-30",1,0
"387",4820001,"GPRD_product_code",NA,"drug","116 - Asthma drugs","2014-01-30",0,0
"388",4835009,"GPRD_product_code",NA,"drug","116 - Asthma drugs","2014-01-30",0,1
"389",4836009,"GPRD_product_code",NA,"drug","116 - Asthma drugs","2014-01-30",0,1
"390",4837009,"GPRD_product_code",NA,"drug","116 - Asthma drugs","2014-01-30",0,1
"391",4888001,"GPRD_product_code",NA,"drug","116 - Asthma drugs","2014-01-30",0,1
"392",4926001,"GPRD_product_code",NA,"drug","116 - Asthma drugs","2014-01-30",0,0
"393",4927001,"GPRD_product_code",NA,"drug","116 - Asthma drugs","2014-01-30",0,0
"394",4936001,"GPRD_product_code",NA,"drug","116 - Asthma drugs","2014-01-30",0,0
"395",4936002,"GPRD_product_code",NA,"drug","116 - Asthma drugs","2014-01-30",0,0
"396",4937001,"GPRD_product_code",NA,"drug","116 - Asthma drugs","2014-01-30",0,0
"397",5055001,"GPRD_product_code",NA,"drug","116 - Asthma drugs","2014-01-30",1,0
"398",5055002,"GPRD_product_code",NA,"drug","116 - Asthma drugs","2014-01-30",1,0
"399",5056001,"GPRD_product_code",NA,"drug","116 - Asthma drugs","2014-01-30",1,0
"400",5056002,"GPRD_product_code",NA,"drug","116 - Asthma drugs","2014-01-30",1,0
"401",5056003,"GPRD_product_code",NA,"drug","116 - Asthma drugs","2014-01-30",1,0
"402",5058001,"GPRD_product_code",NA,"drug","116 - Asthma drugs","2014-01-30",1,0
"403",5058002,"GPRD_product_code",NA,"drug","116 - Asthma drugs","2014-01-30",0,1
"404",5058003,"GPRD_product_code",NA,"drug","116 - Asthma drugs","2014-01-30",0,1
"405",5137001,"GPRD_product_code",NA,"drug","116 - Asthma drugs","2014-01-30",1,0
"406",5138001,"GPRD_product_code",NA,"drug","116 - Asthma drugs","2014-01-30",1,0
"407",5138002,"GPRD_product_code",NA,"drug","116 - Asthma drugs","2014-01-30",1,0
"408",5150001,"GPRD_product_code",NA,"drug","116 - Asthma drugs","2014-01-30",1,0
"409",5150002,"GPRD_product_code",NA,"drug","116 - Asthma drugs","2014-01-30",0,1
"410",5152001,"GPRD_product_code",NA,"drug","116 - Asthma drugs","2014-01-30",0,1
"411",5152002,"GPRD_product_code",NA,"drug","116 - Asthma drugs","2014-01-30",0,1
"412",5152003,"GPRD_product_code",NA,"drug","116 - Asthma drugs","2014-01-30",0,1
"413",5153001,"GPRD_product_code",NA,"drug","116 - Asthma drugs","2014-01-30",1,0
"414",5153002,"GPRD_product_code",NA,"drug","116 - Asthma drugs","2014-01-30",1,0
"415",5159001,"GPRD_product_code",NA,"drug","116 - Asthma drugs","2014-01-30",0,0
"416",5159002,"GPRD_product_code",NA,"drug","116 - Asthma drugs","2014-01-30",0,0
"417",5166001,"GPRD_product_code",NA,"drug","116 - Asthma drugs","2014-01-30",0,0
"418",5274001,"GPRD_product_code",NA,"drug","116 - Asthma drugs","2014-01-30",0,0
"419",5302007,"GPRD_product_code",NA,"drug","116 - Asthma drugs","2014-01-30",0,0
"420",5303007,"GPRD_product_code",NA,"drug","116 - Asthma drugs","2014-01-30",0,0
"421",5336001,"GPRD_product_code",NA,"drug","116 - Asthma drugs","2014-01-30",0,0
"422",5363001,"GPRD_product_code",NA,"drug","116 - Asthma drugs","2014-01-30",0,0
"423",5364007,"GPRD_product_code",NA,"drug","116 - Asthma drugs","2014-01-30",0,0
"424",5365007,"GPRD_product_code",NA,"drug","116 - Asthma drugs","2014-01-30",0,0
"425",5366007,"GPRD_product_code",NA,"drug","116 - Asthma drugs","2014-01-30",0,0
"426",5367007,"GPRD_product_code",NA,"drug","116 - Asthma drugs","2014-01-30",0,0
"427",5369007,"GPRD_product_code",NA,"drug","116 - Asthma drugs","2014-01-30",0,0
"428",5371001,"GPRD_product_code",NA,"drug","116 - Asthma drugs","2014-01-30",0,0
"429",5372001,"GPRD_product_code",NA,"drug","116 - Asthma drugs","2014-01-30",0,0
"430",5372002,"GPRD_product_code",NA,"drug","116 - Asthma drugs","2014-01-30",1,0
"431",5374001,"GPRD_product_code",NA,"drug","116 - Asthma drugs","2014-01-30",0,1
"432",5375001,"GPRD_product_code",NA,"drug","116 - Asthma drugs","2014-01-30",0,0
"433",5395001,"GPRD_product_code",NA,"drug","116 - Asthma drugs","2014-01-30",0,0
"434",5411009,"GPRD_product_code",NA,"drug","116 - Asthma drugs","2014-01-30",1,0
"435",5412009,"GPRD_product_code",NA,"drug","116 - Asthma drugs","2014-01-30",1,0
"436",5413009,"GPRD_product_code",NA,"drug","116 - Asthma drugs","2014-01-30",1,0
"437",5414009,"GPRD_product_code",NA,"drug","116 - Asthma drugs","2014-01-30",1,0
"438",5440001,"GPRD_product_code",NA,"drug","116 - Asthma drugs","2014-01-30",0,1
"439",5440002,"GPRD_product_code",NA,"drug","116 - Asthma drugs","2014-01-30",0,1
"440",5440003,"GPRD_product_code",NA,"drug","116 - Asthma drugs","2014-01-30",0,1
"441",5441001,"GPRD_product_code",NA,"drug","116 - Asthma drugs","2014-01-30",0,1
"442",5441002,"GPRD_product_code",NA,"drug","116 - Asthma drugs","2014-01-30",0,1
"443",5441003,"GPRD_product_code",NA,"drug","116 - Asthma drugs","2014-01-30",0,1
"444",5442001,"GPRD_product_code",NA,"drug","116 - Asthma drugs","2014-01-30",0,1
"445",5442002,"GPRD_product_code",NA,"drug","116 - Asthma drugs","2014-01-30",0,1
"446",5442003,"GPRD_product_code",NA,"drug","116 - Asthma drugs","2014-01-30",0,1
"447",5465001,"GPRD_product_code",NA,"drug","116 - Asthma drugs","2014-01-30",1,0
"448",5466001,"GPRD_product_code",NA,"drug","116 - Asthma drugs","2014-01-30",0,0
"449",5466002,"GPRD_product_code",NA,"drug","116 - Asthma drugs","2014-01-30",0,0
"450",5466003,"GPRD_product_code",NA,"drug","116 - Asthma drugs","2014-01-30",1,0
"451",5467001,"GPRD_product_code",NA,"drug","116 - Asthma drugs","2014-01-30",0,0
"452",5467002,"GPRD_product_code",NA,"drug","116 - Asthma drugs","2014-01-30",0,0
"453",5467003,"GPRD_product_code",NA,"drug","116 - Asthma drugs","2014-01-30",0,0
"454",5470001,"GPRD_product_code",NA,"drug","116 - Asthma drugs","2014-01-30",1,0
"455",5507001,"GPRD_product_code",NA,"drug","116 - Asthma drugs","2014-01-30",0,0
"456",5507002,"GPRD_product_code",NA,"drug","116 - Asthma drugs","2014-01-30",0,0
"457",5508001,"GPRD_product_code",NA,"drug","116 - Asthma drugs","2014-01-30",0,0
"458",5508002,"GPRD_product_code",NA,"drug","116 - Asthma drugs","2014-01-30",0,0
"459",5543001,"GPRD_product_code",NA,"drug","116 - Asthma drugs","2014-01-30",0,1
"460",5543002,"GPRD_product_code",NA,"drug","116 - Asthma drugs","2014-01-30",0,1
"461",5543003,"GPRD_product_code",NA,"drug","116 - Asthma drugs","2014-01-30",0,1
"462",5544001,"GPRD_product_code",NA,"drug","116 - Asthma drugs","2014-01-30",1,0
"463",5544002,"GPRD_product_code",NA,"drug","116 - Asthma drugs","2014-01-30",1,0
"464",5557001,"GPRD_product_code",NA,"drug","116 - Asthma drugs","2014-01-30",0,0
"465",5557002,"GPRD_product_code",NA,"drug","116 - Asthma drugs","2014-01-30",0,0
"466",5557003,"GPRD_product_code",NA,"drug","116 - Asthma drugs","2014-01-30",1,0
"467",5564001,"GPRD_product_code",NA,"drug","116 - Asthma drugs","2014-01-30",0,0
"468",5581001,"GPRD_product_code",NA,"drug","116 - Asthma drugs","2014-01-30",0,0
"469",5581002,"GPRD_product_code",NA,"drug","116 - Asthma drugs","2014-01-30",0,0
"470",5589001,"GPRD_product_code",NA,"drug","116 - Asthma drugs","2014-01-30",0,0
"471",5589002,"GPRD_product_code",NA,"drug","116 - Asthma drugs","2014-01-30",0,0
"472",5592001,"GPRD_product_code",NA,"drug","116 - Asthma drugs","2014-01-30",0,0
"473",5592002,"GPRD_product_code",NA,"drug","116 - Asthma drugs","2014-01-30",0,0
"474",5593007,"GPRD_product_code",NA,"drug","116 - Asthma drugs","2014-01-30",0,0
"475",5594007,"GPRD_product_code",NA,"drug","116 - Asthma drugs","2014-01-30",0,0
"476",5616001,"GPRD_product_code",NA,"drug","116 - Asthma drugs","2014-01-30",1,0
"477",5616002,"GPRD_product_code",NA,"drug","116 - Asthma drugs","2014-01-30",1,0
"478",5616003,"GPRD_product_code",NA,"drug","116 - Asthma drugs","2014-01-30",1,0
"479",5704009,"GPRD_product_code",NA,"drug","116 - Asthma drugs","2014-01-30",1,0
"480",5705009,"GPRD_product_code",NA,"drug","116 - Asthma drugs","2014-01-30",1,0
"481",5706009,"GPRD_product_code",NA,"drug","116 - Asthma drugs","2014-01-30",1,0
"482",5707009,"GPRD_product_code",NA,"drug","116 - Asthma drugs","2014-01-30",1,0
"483",5708009,"GPRD_product_code",NA,"drug","116 - Asthma drugs","2014-01-30",1,0
"484",5709009,"GPRD_product_code",NA,"drug","116 - Asthma drugs","2014-01-30",1,0
"485",5710009,"GPRD_product_code",NA,"drug","116 - Asthma drugs","2014-01-30",1,0
"486",5711009,"GPRD_product_code",NA,"drug","116 - Asthma drugs","2014-01-30",1,0
"487",5739001,"GPRD_product_code",NA,"drug","116 - Asthma drugs","2014-01-30",0,0
"488",5739002,"GPRD_product_code",NA,"drug","116 - Asthma drugs","2014-01-30",0,0
"489",5739003,"GPRD_product_code",NA,"drug","116 - Asthma drugs","2014-01-30",1,0
"490",5740001,"GPRD_product_code",NA,"drug","116 - Asthma drugs","2014-01-30",1,0
"491",5742009,"GPRD_product_code",NA,"drug","116 - Asthma drugs","2014-01-30",1,0
"492",5743009,"GPRD_product_code",NA,"drug","116 - Asthma drugs","2014-01-30",1,0
"493",5748005,"GPRD_product_code",NA,"drug","116 - Asthma drugs","2014-01-30",0,0
"494",5758009,"GPRD_product_code",NA,"drug","116 - Asthma drugs","2014-01-30",1,0
"495",5759009,"GPRD_product_code",NA,"drug","116 - Asthma drugs","2014-01-30",1,0
"496",5774009,"GPRD_product_code",NA,"drug","116 - Asthma drugs","2014-01-30",0,0
"497",5800001,"GPRD_product_code",NA,"drug","116 - Asthma drugs","2014-01-30",1,0
"498",5927009,"GPRD_product_code",NA,"drug","116 - Asthma drugs","2014-01-30",0,0
"499",5933007,"GPRD_product_code",NA,"drug","116 - Asthma drugs","2014-01-30",0,0
"500",5936007,"GPRD_product_code",NA,"drug","116 - Asthma drugs","2014-01-30",0,0
"501",5958001,"GPRD_product_code",NA,"drug","116 - Asthma drugs","2014-01-30",0,0
"502",5958002,"GPRD_product_code",NA,"drug","116 - Asthma drugs","2014-01-30",0,0
"503",6016001,"GPRD_product_code",NA,"drug","116 - Asthma drugs","2014-01-30",1,0
"504",6016002,"GPRD_product_code",NA,"drug","116 - Asthma drugs","2014-01-30",0,1
"505",6016003,"GPRD_product_code",NA,"drug","116 - Asthma drugs","2014-01-30",1,0
"506",6043001,"GPRD_product_code",NA,"drug","116 - Asthma drugs","2014-01-30",0,0
"507",6044001,"GPRD_product_code",NA,"drug","116 - Asthma drugs","2014-01-30",0,0
"508",6058001,"GPRD_product_code",NA,"drug","116 - Asthma drugs","2014-01-30",0,0
"509",6058002,"GPRD_product_code",NA,"drug","116 - Asthma drugs","2014-01-30",0,0
"510",6058003,"GPRD_product_code",NA,"drug","116 - Asthma drugs","2014-01-30",0,0
"511",6069001,"GPRD_product_code",NA,"drug","116 - Asthma drugs","2014-01-30",0,0
"512",6245007,"GPRD_product_code",NA,"drug","116 - Asthma drugs","2014-01-30",0,0
"513",6267001,"GPRD_product_code",NA,"drug","116 - Asthma drugs","2014-01-30",0,0
"514",6267002,"GPRD_product_code",NA,"drug","116 - Asthma drugs","2014-01-30",1,0
"515",6268001,"GPRD_product_code",NA,"drug","116 - Asthma drugs","2014-01-30",1,0
"516",6268002,"GPRD_product_code",NA,"drug","116 - Asthma drugs","2014-01-30",0,0
"517",6314001,"GPRD_product_code",NA,"drug","116 - Asthma drugs","2014-01-30",1,0
"518",6314002,"GPRD_product_code",NA,"drug","116 - Asthma drugs","2014-01-30",1,0
"519",6315001,"GPRD_product_code",NA,"drug","116 - Asthma drugs","2014-01-30",1,0
"520",6315002,"GPRD_product_code",NA,"drug","116 - Asthma drugs","2014-01-30",1,0
"521",6378007,"GPRD_product_code",NA,"drug","116 - Asthma drugs","2014-01-30",0,0
"522",6379007,"GPRD_product_code",NA,"drug","116 - Asthma drugs","2014-01-30",0,0
"523",6415001,"GPRD_product_code",NA,"drug","116 - Asthma drugs","2014-01-30",0,0
"524",6444009,"GPRD_product_code",NA,"drug","116 - Asthma drugs","2014-01-30",0,1
"525",6445009,"GPRD_product_code",NA,"drug","116 - Asthma drugs","2014-01-30",0,1
"526",6452009,"GPRD_product_code",NA,"drug","116 - Asthma drugs","2014-01-30",0,1
"527",6453009,"GPRD_product_code",NA,"drug","116 - Asthma drugs","2014-01-30",0,1
"528",6542001,"GPRD_product_code",NA,"drug","116 - Asthma drugs","2014-01-30",1,0
"529",6559001,"GPRD_product_code",NA,"drug","116 - Asthma drugs","2014-01-30",0,0
"530",6560001,"GPRD_product_code",NA,"drug","116 - Asthma drugs","2014-01-30",0,0
"531",6588007,"GPRD_product_code",NA,"drug","116 - Asthma drugs","2014-01-30",0,0
"532",6629001,"GPRD_product_code",NA,"drug","116 - Asthma drugs","2014-01-30",0,0
"533",6629002,"GPRD_product_code",NA,"drug","116 - Asthma drugs","2014-01-30",0,0
"534",6649001,"GPRD_product_code",NA,"drug","116 - Asthma drugs","2014-01-30",0,0
"535",6654001,"GPRD_product_code",NA,"drug","116 - Asthma drugs","2014-01-30",0,0
"536",6673007,"GPRD_product_code",NA,"drug","116 - Asthma drugs","2014-01-30",1,0
"537",6696001,"GPRD_product_code",NA,"drug","116 - Asthma drugs","2014-01-30",0,1
"538",6696002,"GPRD_product_code",NA,"drug","116 - Asthma drugs","2014-01-30",0,1
"539",6696003,"GPRD_product_code",NA,"drug","116 - Asthma drugs","2014-01-30",0,1
"540",6697001,"GPRD_product_code",NA,"drug","116 - Asthma drugs","2014-01-30",0,1
"541",6697002,"GPRD_product_code",NA,"drug","116 - Asthma drugs","2014-01-30",0,1
"542",6697003,"GPRD_product_code",NA,"drug","116 - Asthma drugs","2014-01-30",0,1
"543",6698009,"GPRD_product_code",NA,"drug","116 - Asthma drugs","2014-01-30",1,0
"544",6700009,"GPRD_product_code",NA,"drug","116 - Asthma drugs","2014-01-30",1,0
"545",6735001,"GPRD_product_code",NA,"drug","116 - Asthma drugs","2014-01-30",0,0
"546",6817001,"GPRD_product_code",NA,"drug","116 - Asthma drugs","2014-01-30",1,0
"547",6817002,"GPRD_product_code",NA,"drug","116 - Asthma drugs","2014-01-30",1,0
"548",6817003,"GPRD_product_code",NA,"drug","116 - Asthma drugs","2014-01-30",1,0
"549",6818001,"GPRD_product_code",NA,"drug","116 - Asthma drugs","2014-01-30",1,0
"550",6818002,"GPRD_product_code",NA,"drug","116 - Asthma drugs","2014-01-30",1,0
"551",6818003,"GPRD_product_code",NA,"drug","116 - Asthma drugs","2014-01-30",1,0
"552",6845001,"GPRD_product_code",NA,"drug","116 - Asthma drugs","2014-01-30",1,0
"553",6854009,"GPRD_product_code",NA,"drug","116 - Asthma drugs","2014-01-30",1,0
"554",6913007,"GPRD_product_code",NA,"drug","116 - Asthma drugs","2014-01-30",0,0
"555",6915001,"GPRD_product_code",NA,"drug","116 - Asthma drugs","2014-01-30",0,0
"556",6915002,"GPRD_product_code",NA,"drug","116 - Asthma drugs","2014-01-30",0,0
"557",6916001,"GPRD_product_code",NA,"drug","116 - Asthma drugs","2014-01-30",0,0
"558",6916002,"GPRD_product_code",NA,"drug","116 - Asthma drugs","2014-01-30",0,0
"559",6933001,"GPRD_product_code",NA,"drug","116 - Asthma drugs","2014-01-30",0,1
"560",6933002,"GPRD_product_code",NA,"drug","116 - Asthma drugs","2014-01-30",0,1
"561",6933003,"GPRD_product_code",NA,"drug","116 - Asthma drugs","2014-01-30",0,1
"562",6934001,"GPRD_product_code",NA,"drug","116 - Asthma drugs","2014-01-30",0,0
"563",6942001,"GPRD_product_code",NA,"drug","116 - Asthma drugs","2014-01-30",0,1
"564",6942002,"GPRD_product_code",NA,"drug","116 - Asthma drugs","2014-01-30",0,1
"565",6942003,"GPRD_product_code",NA,"drug","116 - Asthma drugs","2014-01-30",0,1
"566",6943001,"GPRD_product_code",NA,"drug","116 - Asthma drugs","2014-01-30",0,1
"567",6943002,"GPRD_product_code",NA,"drug","116 - Asthma drugs","2014-01-30",0,1
"568",6943003,"GPRD_product_code",NA,"drug","116 - Asthma drugs","2014-01-30",0,1
"569",7099001,"GPRD_product_code",NA,"drug","116 - Asthma drugs","2014-01-30",0,1
"570",7099002,"GPRD_product_code",NA,"drug","116 - Asthma drugs","2014-01-30",0,1
"571",7099003,"GPRD_product_code",NA,"drug","116 - Asthma drugs","2014-01-30",0,1
"572",7100001,"GPRD_product_code",NA,"drug","116 - Asthma drugs","2014-01-30",0,1
"573",7100002,"GPRD_product_code",NA,"drug","116 - Asthma drugs","2014-01-30",0,1
"574",7100003,"GPRD_product_code",NA,"drug","116 - Asthma drugs","2014-01-30",0,1
"575",7104001,"GPRD_product_code",NA,"drug","116 - Asthma drugs","2014-01-30",1,0
"576",7105001,"GPRD_product_code",NA,"drug","116 - Asthma drugs","2014-01-30",1,0
"577",7154001,"GPRD_product_code",NA,"drug","116 - Asthma drugs","2014-01-30",0,1
"578",7154002,"GPRD_product_code",NA,"drug","116 - Asthma drugs","2014-01-30",0,1
"579",7154003,"GPRD_product_code",NA,"drug","116 - Asthma drugs","2014-01-30",0,1
"580",7155001,"GPRD_product_code",NA,"drug","116 - Asthma drugs","2014-01-30",0,1
"581",7156001,"GPRD_product_code",NA,"drug","116 - Asthma drugs","2014-01-30",0,1
"582",7157001,"GPRD_product_code",NA,"drug","116 - Asthma drugs","2014-01-30",0,1
"583",7157002,"GPRD_product_code",NA,"drug","116 - Asthma drugs","2014-01-30",0,1
"584",7157003,"GPRD_product_code",NA,"drug","116 - Asthma drugs","2014-01-30",0,1
"585",7233001,"GPRD_product_code",NA,"drug","116 - Asthma drugs","2014-01-30",0,0
"586",7234001,"GPRD_product_code",NA,"drug","116 - Asthma drugs","2014-01-30",0,0
"587",7236001,"GPRD_product_code",NA,"drug","116 - Asthma drugs","2014-01-30",0,0
"588",7243001,"GPRD_product_code",NA,"drug","116 - Asthma drugs","2014-01-30",1,0
"589",7244001,"GPRD_product_code",NA,"drug","116 - Asthma drugs","2014-01-30",1,0
"590",7269001,"GPRD_product_code",NA,"drug","116 - Asthma drugs","2014-01-30",0,0
"591",7275001,"GPRD_product_code",NA,"drug","116 - Asthma drugs","2014-01-30",0,0
"592",7276001,"GPRD_product_code",NA,"drug","116 - Asthma drugs","2014-01-30",0,0
"593",7280001,"GPRD_product_code",NA,"drug","116 - Asthma drugs","2014-01-30",0,0
"594",7288001,"GPRD_product_code",NA,"drug","116 - Asthma drugs","2014-01-30",0,0
"595",7288002,"GPRD_product_code",NA,"drug","116 - Asthma drugs","2014-01-30",0,0
"596",7297001,"GPRD_product_code",NA,"drug","116 - Asthma drugs","2014-01-30",0,0
"597",7297002,"GPRD_product_code",NA,"drug","116 - Asthma drugs","2014-01-30",0,0
"598",7334001,"GPRD_product_code",NA,"drug","116 - Asthma drugs","2014-01-30",1,0
"599",7363001,"GPRD_product_code",NA,"drug","116 - Asthma drugs","2014-01-30",0,0
"600",7526001,"GPRD_product_code",NA,"drug","116 - Asthma drugs","2014-01-30",0,1
"601",7526002,"GPRD_product_code",NA,"drug","116 - Asthma drugs","2014-01-30",0,1
"602",7526003,"GPRD_product_code",NA,"drug","116 - Asthma drugs","2014-01-30",0,1
"603",7555001,"GPRD_product_code",NA,"drug","116 - Asthma drugs","2014-01-30",0,0
"604",7588001,"GPRD_product_code",NA,"drug","116 - Asthma drugs","2014-01-30",0,1
"605",7714001,"GPRD_product_code",NA,"drug","116 - Asthma drugs","2014-01-30",0,1
"606",7714002,"GPRD_product_code",NA,"drug","116 - Asthma drugs","2014-01-30",0,1
"607",7714003,"GPRD_product_code",NA,"drug","116 - Asthma drugs","2014-01-30",0,1
"608",7800001,"GPRD_product_code",NA,"drug","116 - Asthma drugs","2014-01-30",1,0
"609",7898001,"GPRD_product_code",NA,"drug","116 - Asthma drugs","2014-01-30",0,0
"610",8026001,"GPRD_product_code",NA,"drug","116 - Asthma drugs","2014-01-30",0,0
"611",8062001,"GPRD_product_code",NA,"drug","116 - Asthma drugs","2014-01-30",0,0
"612",8063001,"GPRD_product_code",NA,"drug","116 - Asthma drugs","2014-01-30",0,0
"613",8150001,"GPRD_product_code",NA,"drug","116 - Asthma drugs","2014-01-30",0,0
"614",8292005,"GPRD_product_code",NA,"drug","116 - Asthma drugs","2014-01-30",0,0
"615",8380001,"GPRD_product_code",NA,"drug","116 - Asthma drugs","2014-01-30",0,1
"616",8380002,"GPRD_product_code",NA,"drug","116 - Asthma drugs","2014-01-30",0,1
"617",8380003,"GPRD_product_code",NA,"drug","116 - Asthma drugs","2014-01-30",0,1
"618",8429001,"GPRD_product_code",NA,"drug","116 - Asthma drugs","2014-01-30",1,0
"619",8429002,"GPRD_product_code",NA,"drug","116 - Asthma drugs","2014-01-30",1,0
"620",8452001,"GPRD_product_code",NA,"drug","116 - Asthma drugs","2014-01-30",1,0
"621",8506001,"GPRD_product_code",NA,"drug","116 - Asthma drugs","2014-01-30",0,1
"622",8552001,"GPRD_product_code",NA,"drug","116 - Asthma drugs","2014-01-30",0,0
"623",8580001,"GPRD_product_code",NA,"drug","116 - Asthma drugs","2014-01-30",0,0
"624",8582001,"GPRD_product_code",NA,"drug","116 - Asthma drugs","2014-01-30",0,0
"625",8596001,"GPRD_product_code",NA,"drug","116 - Asthma drugs","2014-01-30",0,1
"626",8596002,"GPRD_product_code",NA,"drug","116 - Asthma drugs","2014-01-30",0,1
"627",8596003,"GPRD_product_code",NA,"drug","116 - Asthma drugs","2014-01-30",0,1
"628",8602001,"GPRD_product_code",NA,"drug","116 - Asthma drugs","2014-01-30",1,0
"629",8607001,"GPRD_product_code",NA,"drug","116 - Asthma drugs","2014-01-30",0,0
"630",8608001,"GPRD_product_code",NA,"drug","116 - Asthma drugs","2014-01-30",0,0
"631",8609001,"GPRD_product_code",NA,"drug","116 - Asthma drugs","2014-01-30",0,0
"632",8609002,"GPRD_product_code",NA,"drug","116 - Asthma drugs","2014-01-30",0,0
"633",8612001,"GPRD_product_code",NA,"drug","116 - Asthma drugs","2014-01-30",0,1
"634",8630001,"GPRD_product_code",NA,"drug","116 - Asthma drugs","2014-01-30",0,0
"635",8636001,"GPRD_product_code",NA,"drug","116 - Asthma drugs","2014-01-30",0,1
"636",8636002,"GPRD_product_code",NA,"drug","116 - Asthma drugs","2014-01-30",0,1
"637",8636003,"GPRD_product_code",NA,"drug","116 - Asthma drugs","2014-01-30",0,1
"638",8651001,"GPRD_product_code",NA,"drug","116 - Asthma drugs","2014-01-30",0,1
"639",8654001,"GPRD_product_code",NA,"drug","116 - Asthma drugs","2014-01-30",1,0
"640",8664001,"GPRD_product_code",NA,"drug","116 - Asthma drugs","2014-01-30",1,0
"641",8665001,"GPRD_product_code",NA,"drug","116 - Asthma drugs","2014-01-30",0,1
"642",8665002,"GPRD_product_code",NA,"drug","116 - Asthma drugs","2014-01-30",0,1
"643",8677001,"GPRD_product_code",NA,"drug","116 - Asthma drugs","2014-01-30",0,1
"644",8677002,"GPRD_product_code",NA,"drug","116 - Asthma drugs","2014-01-30",0,1
"645",8679001,"GPRD_product_code",NA,"drug","116 - Asthma drugs","2014-01-30",1,0
"646",8688001,"GPRD_product_code",NA,"drug","116 - Asthma drugs","2014-01-30",1,0
"647",8689001,"GPRD_product_code",NA,"drug","116 - Asthma drugs","2014-01-30",1,0
"648",8714001,"GPRD_product_code",NA,"drug","116 - Asthma drugs","2014-01-30",0,0
"649",8715001,"GPRD_product_code",NA,"drug","116 - Asthma drugs","2014-01-30",1,0
"650",8715002,"GPRD_product_code",NA,"drug","116 - Asthma drugs","2014-01-30",1,0
"651",8727001,"GPRD_product_code",NA,"drug","116 - Asthma drugs","2014-01-30",1,0
"652",8782001,"GPRD_product_code",NA,"drug","116 - Asthma drugs","2014-01-30",0,0
"653",8802005,"GPRD_product_code",NA,"drug","116 - Asthma drugs","2014-01-30",0,0
"654",8803005,"GPRD_product_code",NA,"drug","116 - Asthma drugs","2014-01-30",0,0
"655",8828001,"GPRD_product_code",NA,"drug","116 - Asthma drugs","2014-01-30",0,0
"656",8842001,"GPRD_product_code",NA,"drug","116 - Asthma drugs","2014-01-30",0,0
"657",8843001,"GPRD_product_code",NA,"drug","116 - Asthma drugs","2014-01-30",0,0
"658",8892001,"GPRD_product_code",NA,"drug","116 - Asthma drugs","2014-01-30",1,0
"659",8911001,"GPRD_product_code",NA,"drug","116 - Asthma drugs","2014-01-30",0,1
"660",8911002,"GPRD_product_code",NA,"drug","116 - Asthma drugs","2014-01-30",0,1
"661",8911003,"GPRD_product_code",NA,"drug","116 - Asthma drugs","2014-01-30",0,1
"662",8921001,"GPRD_product_code",NA,"drug","116 - Asthma drugs","2014-01-30",1,0
"663",9031001,"GPRD_product_code",NA,"drug","116 - Asthma drugs","2014-01-30",0,1
"664",9056001,"GPRD_product_code",NA,"drug","116 - Asthma drugs","2014-01-30",1,0
"665",9057001,"GPRD_product_code",NA,"drug","116 - Asthma drugs","2014-01-30",1,0
"666",9070001,"GPRD_product_code",NA,"drug","116 - Asthma drugs","2014-01-30",0,0
"667",9072001,"GPRD_product_code",NA,"drug","116 - Asthma drugs","2014-01-30",0,0
"668",9121001,"GPRD_product_code",NA,"drug","116 - Asthma drugs","2014-01-30",0,0
"669",9241001,"GPRD_product_code",NA,"drug","116 - Asthma drugs","2014-01-30",0,1
"670",9319001,"GPRD_product_code",NA,"drug","116 - Asthma drugs","2014-01-30",1,0
"671",9365001,"GPRD_product_code",NA,"drug","116 - Asthma drugs","2014-01-30",0,0
"672",9366001,"GPRD_product_code",NA,"drug","116 - Asthma drugs","2014-01-30",0,0
"673",9411001,"GPRD_product_code",NA,"drug","116 - Asthma drugs","2014-01-30",0,1
"674",9412001,"GPRD_product_code",NA,"drug","116 - Asthma drugs","2014-01-30",1,0
"675",9580001,"GPRD_product_code",NA,"drug","116 - Asthma drugs","2014-01-30",1,0
"676",9581001,"GPRD_product_code",NA,"drug","116 - Asthma drugs","2014-01-30",1,0
"677",9582001,"GPRD_product_code",NA,"drug","116 - Asthma drugs","2014-01-30",0,1
"678",9582002,"GPRD_product_code",NA,"drug","116 - Asthma drugs","2014-01-30",0,1
"679",9582003,"GPRD_product_code",NA,"drug","116 - Asthma drugs","2014-01-30",0,1
"680",9583001,"GPRD_product_code",NA,"drug","116 - Asthma drugs","2014-01-30",0,1
"681",9583002,"GPRD_product_code",NA,"drug","116 - Asthma drugs","2014-01-30",0,1
"682",9583003,"GPRD_product_code",NA,"drug","116 - Asthma drugs","2014-01-30",0,1
"683",9605001,"GPRD_product_code",NA,"drug","116 - Asthma drugs","2014-01-30",1,0
"684",9605002,"GPRD_product_code",NA,"drug","116 - Asthma drugs","2014-01-30",1,0
"685",9699001,"GPRD_product_code",NA,"drug","116 - Asthma drugs","2014-01-30",0,0
"686",9768005,"GPRD_product_code",NA,"drug","116 - Asthma drugs","2014-01-30",0,0
"687",9769005,"GPRD_product_code",NA,"drug","116 - Asthma drugs","2014-01-30",0,0
"688",9822001,"GPRD_product_code",NA,"drug","116 - Asthma drugs","2014-01-30",0,0
"689",9844005,"GPRD_product_code",NA,"drug","116 - Asthma drugs","2014-01-30",0,0
"690",9845005,"GPRD_product_code",NA,"drug","116 - Asthma drugs","2014-01-30",0,0
"691",9846005,"GPRD_product_code",NA,"drug","116 - Asthma drugs","2014-01-30",0,0
"692",9847005,"GPRD_product_code",NA,"drug","116 - Asthma drugs","2014-01-30",0,0
"693",9906001,"GPRD_product_code",NA,"drug","116 - Asthma drugs","2014-01-30",0,0
"694",10137001,"GPRD_product_code",NA,"drug","116 - Asthma drugs","2014-01-30",0,1
"695",10137002,"GPRD_product_code",NA,"drug","116 - Asthma drugs","2014-01-30",0,1
"696",10137003,"GPRD_product_code",NA,"drug","116 - Asthma drugs","2014-01-30",0,1
"697",10216001,"GPRD_product_code",NA,"drug","116 - Asthma drugs","2014-01-30",0,0
"698",10353001,"GPRD_product_code",NA,"drug","116 - Asthma drugs","2014-01-30",0,0
"699",10414001,"GPRD_product_code",NA,"drug","116 - Asthma drugs","2014-01-30",0,0
"700",10484001,"GPRD_product_code",NA,"drug","116 - Asthma drugs","2014-01-30",0,0
"701",10589001,"GPRD_product_code",NA,"drug","116 - Asthma drugs","2014-01-30",0,0
"702",10628001,"GPRD_product_code",NA,"drug","116 - Asthma drugs","2014-01-30",0,0
"703",10652001,"GPRD_product_code",NA,"drug","116 - Asthma drugs","2014-01-30",1,0
"704",10713001,"GPRD_product_code",NA,"drug","116 - Asthma drugs","2014-01-30",0,0
"705",10723001,"GPRD_product_code",NA,"drug","116 - Asthma drugs","2014-01-30",0,1
"706",10723002,"GPRD_product_code",NA,"drug","116 - Asthma drugs","2014-01-30",0,1
"707",10723003,"GPRD_product_code",NA,"drug","116 - Asthma drugs","2014-01-30",0,1
"708",10724001,"GPRD_product_code",NA,"drug","116 - Asthma drugs","2014-01-30",1,0
"709",10760001,"GPRD_product_code",NA,"drug","116 - Asthma drugs","2014-01-30",0,0
"710",10761001,"GPRD_product_code",NA,"drug","116 - Asthma drugs","2014-01-30",0,0
"711",10764001,"GPRD_product_code",NA,"drug","116 - Asthma drugs","2014-01-30",1,0
"712",10770001,"GPRD_product_code",NA,"drug","116 - Asthma drugs","2014-01-30",0,1
"713",10821001,"GPRD_product_code",NA,"drug","116 - Asthma drugs","2014-01-30",1,0
"714",10878001,"GPRD_product_code",NA,"drug","116 - Asthma drugs","2014-01-30",0,1
"715",10939001,"GPRD_product_code",NA,"drug","116 - Asthma drugs","2014-01-30",1,0
"716",11042001,"GPRD_product_code",NA,"drug","116 - Asthma drugs","2014-01-30",0,0
"717",11045001,"GPRD_product_code",NA,"drug","116 - Asthma drugs","2014-01-30",0,0
"718",11165001,"GPRD_product_code",NA,"drug","116 - Asthma drugs","2014-01-30",1,0
"719",11166001,"GPRD_product_code",NA,"drug","116 - Asthma drugs","2014-01-30",0,1
"720",11166002,"GPRD_product_code",NA,"drug","116 - Asthma drugs","2014-01-30",0,1
"721",11167001,"GPRD_product_code",NA,"drug","116 - Asthma drugs","2014-01-30",0,1
"722",11272001,"GPRD_product_code",NA,"drug","116 - Asthma drugs","2014-01-30",0,1
"723",11474001,"GPRD_product_code",NA,"drug","116 - Asthma drugs","2014-01-30",0,1
"724",11474002,"GPRD_product_code",NA,"drug","116 - Asthma drugs","2014-01-30",0,1
"725",11474003,"GPRD_product_code",NA,"drug","116 - Asthma drugs","2014-01-30",1,0
"726",11475001,"GPRD_product_code",NA,"drug","116 - Asthma drugs","2014-01-30",1,0
"727",11475002,"GPRD_product_code",NA,"drug","116 - Asthma drugs","2014-01-30",1,0
"728",11475003,"GPRD_product_code",NA,"drug","116 - Asthma drugs","2014-01-30",1,0
"729",11477001,"GPRD_product_code",NA,"drug","116 - Asthma drugs","2014-01-30",1,0
"730",11501005,"GPRD_product_code",NA,"drug","116 - Asthma drugs","2014-01-30",0,0
"731",11507005,"GPRD_product_code",NA,"drug","116 - Asthma drugs","2014-01-30",0,0
"732",11509001,"GPRD_product_code",NA,"drug","116 - Asthma drugs","2014-01-30",1,0
"733",11509002,"GPRD_product_code",NA,"drug","116 - Asthma drugs","2014-01-30",1,0
"734",11511001,"GPRD_product_code",NA,"drug","116 - Asthma drugs","2014-01-30",1,0
"735",11512001,"GPRD_product_code",NA,"drug","116 - Asthma drugs","2014-01-30",1,0
"736",11519001,"GPRD_product_code",NA,"drug","116 - Asthma drugs","2014-01-30",1,0
"737",11519002,"GPRD_product_code",NA,"drug","116 - Asthma drugs","2014-01-30",1,0
"738",11529001,"GPRD_product_code",NA,"drug","116 - Asthma drugs","2014-01-30",1,0
"739",11530001,"GPRD_product_code",NA,"drug","116 - Asthma drugs","2014-01-30",0,1
"740",11530002,"GPRD_product_code",NA,"drug","116 - Asthma drugs","2014-01-30",0,1
"741",11530003,"GPRD_product_code",NA,"drug","116 - Asthma drugs","2014-01-30",0,1
"742",11565001,"GPRD_product_code",NA,"drug","116 - Asthma drugs","2014-01-30",0,1
"743",11565002,"GPRD_product_code",NA,"drug","116 - Asthma drugs","2014-01-30",0,1
"744",11565003,"GPRD_product_code",NA,"drug","116 - Asthma drugs","2014-01-30",0,1
"745",11642001,"GPRD_product_code",NA,"drug","116 - Asthma drugs","2014-01-30",1,0
"746",11647001,"GPRD_product_code",NA,"drug","116 - Asthma drugs","2014-01-30",0,0
"747",11647002,"GPRD_product_code",NA,"drug","116 - Asthma drugs","2014-01-30",0,0
"748",11648001,"GPRD_product_code",NA,"drug","116 - Asthma drugs","2014-01-30",0,0
"749",11648002,"GPRD_product_code",NA,"drug","116 - Asthma drugs","2014-01-30",0,0
"750",11648003,"GPRD_product_code",NA,"drug","116 - Asthma drugs","2014-01-30",0,0
"751",11657001,"GPRD_product_code",NA,"drug","116 - Asthma drugs","2014-01-30",0,0
"752",11694001,"GPRD_product_code",NA,"drug","116 - Asthma drugs","2014-01-30",1,0
"753",11694002,"GPRD_product_code",NA,"drug","116 - Asthma drugs","2014-01-30",1,0
"754",11700001,"GPRD_product_code",NA,"drug","116 - Asthma drugs","2014-01-30",1,0
"755",11726001,"GPRD_product_code",NA,"drug","116 - Asthma drugs","2014-01-30",1,0
"756",11737001,"GPRD_product_code",NA,"drug","116 - Asthma drugs","2014-01-30",1,0
"757",11791005,"GPRD_product_code",NA,"drug","116 - Asthma drugs","2014-01-30",0,0
"758",11793005,"GPRD_product_code",NA,"drug","116 - Asthma drugs","2014-01-30",0,0
"759",11843001,"GPRD_product_code",NA,"drug","116 - Asthma drugs","2014-01-30",0,1
"760",11897001,"GPRD_product_code",NA,"drug","116 - Asthma drugs","2014-01-30",0,0
"761",11901001,"GPRD_product_code",NA,"drug","116 - Asthma drugs","2014-01-30",0,0
"762",11904001,"GPRD_product_code",NA,"drug","116 - Asthma drugs","2014-01-30",0,0
"763",11910001,"GPRD_product_code",NA,"drug","116 - Asthma drugs","2014-01-30",0,0
"764",11995001,"GPRD_product_code",NA,"drug","116 - Asthma drugs","2014-01-30",1,0
"765",12008001,"GPRD_product_code",NA,"drug","116 - Asthma drugs","2014-01-30",0,1
"766",12008002,"GPRD_product_code",NA,"drug","116 - Asthma drugs","2014-01-30",0,1
"767",12009001,"GPRD_product_code",NA,"drug","116 - Asthma drugs","2014-01-30",0,1
"768",12009002,"GPRD_product_code",NA,"drug","116 - Asthma drugs","2014-01-30",0,1
"769",12011001,"GPRD_product_code",NA,"drug","116 - Asthma drugs","2014-01-30",0,1
"770",12011002,"GPRD_product_code",NA,"drug","116 - Asthma drugs","2014-01-30",0,1
"771",12013001,"GPRD_product_code",NA,"drug","116 - Asthma drugs","2014-01-30",0,1
"772",12013002,"GPRD_product_code",NA,"drug","116 - Asthma drugs","2014-01-30",0,1
"773",12016001,"GPRD_product_code",NA,"drug","116 - Asthma drugs","2014-01-30",0,0
"774",12019001,"GPRD_product_code",NA,"drug","116 - Asthma drugs","2014-01-30",1,0
"775",12019002,"GPRD_product_code",NA,"drug","116 - Asthma drugs","2014-01-30",0,1
"776",12019003,"GPRD_product_code",NA,"drug","116 - Asthma drugs","2014-01-30",1,0
"777",12020001,"GPRD_product_code",NA,"drug","116 - Asthma drugs","2014-01-30",0,1
"778",12069001,"GPRD_product_code",NA,"drug","116 - Asthma drugs","2014-01-30",1,0
"779",12070001,"GPRD_product_code",NA,"drug","116 - Asthma drugs","2014-01-30",1,0
"780",12071001,"GPRD_product_code",NA,"drug","116 - Asthma drugs","2014-01-30",1,0
"781",12105001,"GPRD_product_code",NA,"drug","116 - Asthma drugs","2014-01-30",0,0
"782",12121001,"GPRD_product_code",NA,"drug","116 - Asthma drugs","2014-01-30",0,0
"783",12398001,"GPRD_product_code",NA,"drug","116 - Asthma drugs","2014-01-30",0,0
"784",12402001,"GPRD_product_code",NA,"drug","116 - Asthma drugs","2014-01-30",0,0
"785",12485001,"GPRD_product_code",NA,"drug","116 - Asthma drugs","2014-01-30",1,0
"786",12486001,"GPRD_product_code",NA,"drug","116 - Asthma drugs","2014-01-30",1,0
"787",12505001,"GPRD_product_code",NA,"drug","116 - Asthma drugs","2014-01-30",0,0
"788",12506001,"GPRD_product_code",NA,"drug","116 - Asthma drugs","2014-01-30",0,0
"789",12560001,"GPRD_product_code",NA,"drug","116 - Asthma drugs","2014-01-30",0,1
"790",12561001,"GPRD_product_code",NA,"drug","116 - Asthma drugs","2014-01-30",0,1
"791",12722001,"GPRD_product_code",NA,"drug","116 - Asthma drugs","2014-01-30",1,0
"792",12723001,"GPRD_product_code",NA,"drug","116 - Asthma drugs","2014-01-30",1,0
"793",12724001,"GPRD_product_code",NA,"drug","116 - Asthma drugs","2014-01-30",1,0
"794",12825001,"GPRD_product_code",NA,"drug","116 - Asthma drugs","2014-01-30",0,1
"795",12826001,"GPRD_product_code",NA,"drug","116 - Asthma drugs","2014-01-30",0,1
"796",12843001,"GPRD_product_code",NA,"drug","116 - Asthma drugs","2014-01-30",0,0
"797",12871001,"GPRD_product_code",NA,"drug","116 - Asthma drugs","2014-01-30",1,0
"798",12872001,"GPRD_product_code",NA,"drug","116 - Asthma drugs","2014-01-30",1,0
"799",12873001,"GPRD_product_code",NA,"drug","116 - Asthma drugs","2014-01-30",1,0
"800",12874001,"GPRD_product_code",NA,"drug","116 - Asthma drugs","2014-01-30",1,0
"801",12890001,"GPRD_product_code",NA,"drug","116 - Asthma drugs","2014-01-30",1,0
"802",12891001,"GPRD_product_code",NA,"drug","116 - Asthma drugs","2014-01-30",1,0
"803",12892001,"GPRD_product_code",NA,"drug","116 - Asthma drugs","2014-01-30",1,0
"804",12894001,"GPRD_product_code",NA,"drug","116 - Asthma drugs","2014-01-30",1,0
"805",12930001,"GPRD_product_code",NA,"drug","116 - Asthma drugs","2014-01-30",0,1
"806",12934001,"GPRD_product_code",NA,"drug","116 - Asthma drugs","2014-01-30",0,1
"807",12936001,"GPRD_product_code",NA,"drug","116 - Asthma drugs","2014-01-30",0,1
"808",12937001,"GPRD_product_code",NA,"drug","116 - Asthma drugs","2014-01-30",0,1
"809",13008001,"GPRD_product_code",NA,"drug","116 - Asthma drugs","2014-01-30",0,0
"810",13118001,"GPRD_product_code",NA,"drug","116 - Asthma drugs","2014-01-30",0,0
"811",13198001,"GPRD_product_code",NA,"drug","116 - Asthma drugs","2014-01-30",0,0
"812",13218001,"GPRD_product_code",NA,"drug","116 - Asthma drugs","2014-01-30",0,0
"813",13243001,"GPRD_product_code",NA,"drug","116 - Asthma drugs","2014-01-30",0,0
"814",13244001,"GPRD_product_code",NA,"drug","116 - Asthma drugs","2014-01-30",0,0
"815",13255001,"GPRD_product_code",NA,"drug","116 - Asthma drugs","2014-01-30",0,0
"816",13257001,"GPRD_product_code",NA,"drug","116 - Asthma drugs","2014-01-30",0,0
"817",13265001,"GPRD_product_code",NA,"drug","116 - Asthma drugs","2014-01-30",0,0
"818",13269001,"GPRD_product_code",NA,"drug","116 - Asthma drugs","2014-01-30",0,0
"819",13272001,"GPRD_product_code",NA,"drug","116 - Asthma drugs","2014-01-30",0,0
"820",13430001,"GPRD_product_code",NA,"drug","116 - Asthma drugs","2014-01-30",0,1
"821",13469001,"GPRD_product_code",NA,"drug","116 - Asthma drugs","2014-01-30",1,0
"822",13470001,"GPRD_product_code",NA,"drug","116 - Asthma drugs","2014-01-30",1,0
"823",13502001,"GPRD_product_code",NA,"drug","116 - Asthma drugs","2014-01-30",0,0
"824",13503001,"GPRD_product_code",NA,"drug","116 - Asthma drugs","2014-01-30",0,0
"825",13678001,"GPRD_product_code",NA,"drug","116 - Asthma drugs","2014-01-30",1,0
"826",13679001,"GPRD_product_code",NA,"drug","116 - Asthma drugs","2014-01-30",1,0
"827",13802001,"GPRD_product_code",NA,"drug","116 - Asthma drugs","2014-01-30",0,1
"828",13803001,"GPRD_product_code",NA,"drug","116 - Asthma drugs","2014-01-30",0,1
"829",13804001,"GPRD_product_code",NA,"drug","116 - Asthma drugs","2014-01-30",0,1
"830",14169001,"GPRD_product_code",NA,"drug","116 - Asthma drugs","2014-01-30",0,1
"831",14170001,"GPRD_product_code",NA,"drug","116 - Asthma drugs","2014-01-30",0,1
"832",14171001,"GPRD_product_code",NA,"drug","116 - Asthma drugs","2014-01-30",0,1
"833",14172001,"GPRD_product_code",NA,"drug","116 - Asthma drugs","2014-01-30",0,1
"834",14173001,"GPRD_product_code",NA,"drug","116 - Asthma drugs","2014-01-30",0,1
"835",14174001,"GPRD_product_code",NA,"drug","116 - Asthma drugs","2014-01-30",0,1
"836",14175001,"GPRD_product_code",NA,"drug","116 - Asthma drugs","2014-01-30",0,1
"837",14176001,"GPRD_product_code",NA,"drug","116 - Asthma drugs","2014-01-30",0,1
"838",14209001,"GPRD_product_code",NA,"drug","116 - Asthma drugs","2014-01-30",0,0
"839",14446001,"GPRD_product_code",NA,"drug","116 - Asthma drugs","2014-01-30",0,0
"840",14551001,"GPRD_product_code",NA,"drug","116 - Asthma drugs","2014-01-30",1,0
"841",14561005,"GPRD_product_code",NA,"drug","116 - Asthma drugs","2014-01-30",0,0
"842",14562005,"GPRD_product_code",NA,"drug","116 - Asthma drugs","2014-01-30",0,0
"843",14563005,"GPRD_product_code",NA,"drug","116 - Asthma drugs","2014-01-30",0,0
"844",14564005,"GPRD_product_code",NA,"drug","116 - Asthma drugs","2014-01-30",0,0
"845",14565005,"GPRD_product_code",NA,"drug","116 - Asthma drugs","2014-01-30",0,0
"846",14566005,"GPRD_product_code",NA,"drug","116 - Asthma drugs","2014-01-30",0,0
"847",14567005,"GPRD_product_code",NA,"drug","116 - Asthma drugs","2014-01-30",0,0
"848",14568005,"GPRD_product_code",NA,"drug","116 - Asthma drugs","2014-01-30",0,0
"849",14569005,"GPRD_product_code",NA,"drug","116 - Asthma drugs","2014-01-30",0,0
"850",14886001,"GPRD_product_code",NA,"drug","116 - Asthma drugs","2014-01-30",1,0
"851",14887001,"GPRD_product_code",NA,"drug","116 - Asthma drugs","2014-01-30",1,0
"852",14888001,"GPRD_product_code",NA,"drug","116 - Asthma drugs","2014-01-30",1,0
"853",14937001,"GPRD_product_code",NA,"drug","116 - Asthma drugs","2014-01-30",0,0
"854",14938001,"GPRD_product_code",NA,"drug","116 - Asthma drugs","2014-01-30",0,0
"855",14940001,"GPRD_product_code",NA,"drug","116 - Asthma drugs","2014-01-30",0,0
"856",14941001,"GPRD_product_code",NA,"drug","116 - Asthma drugs","2014-01-30",0,0
"857",14945001,"GPRD_product_code",NA,"drug","116 - Asthma drugs","2014-01-30",1,0
"858",14946001,"GPRD_product_code",NA,"drug","116 - Asthma drugs","2014-01-30",1,0
"859",14947001,"GPRD_product_code",NA,"drug","116 - Asthma drugs","2014-01-30",1,0
"860",14948001,"GPRD_product_code",NA,"drug","116 - Asthma drugs","2014-01-30",1,0
"861",14954001,"GPRD_product_code",NA,"drug","116 - Asthma drugs","2014-01-30",0,1
"862",14958001,"GPRD_product_code",NA,"drug","116 - Asthma drugs","2014-01-30",0,1
"863",14962001,"GPRD_product_code",NA,"drug","116 - Asthma drugs","2014-01-30",0,1
"864",14963001,"GPRD_product_code",NA,"drug","116 - Asthma drugs","2014-01-30",0,1
"865",15469005,"GPRD_product_code",NA,"drug","116 - Asthma drugs","2014-01-30",0,0
"866",15470005,"GPRD_product_code",NA,"drug","116 - Asthma drugs","2014-01-30",0,0
